Name,Birth Date,Birth Place,Death Date,Death Place
"Brown, Henry Billings","March 2, 1836","South Lee, MA","September 4, 1913","Bronxville, NY"
"Ellsworth, Oliver","April 29, 1745","Windsor, CT","November 26, 1807","Windsor, CT"
"Woodbury, Levi","December 22, 1789","Francestown, NH","September 4, 1851","Portsmouth, NH"
"Blair, John, Jr.",1732,"Williamsburg, VA","August 31, 1800","Williamsburg, VA"
"Taft, William Howard","September 15, 1857","Cincinnati, OH","March 8, 1930","Washington, DC"
"Hughes, Charles Evans","April 11, 1862","Glens Falls, NY","August 27, 1948","Washington, DC"
"Campbell, John Archibald","June 24, 1811","Washington, GA","March 12, 1889","Baltimore, MD"
"Peckham, Rufus Wheeler","November 8, 1838","Albany, NY","October 24, 1909","Altamont, NY"
"Warren, Earl","March 19, 1891","Los Angeles, CA","July 9, 1974","Washington, DC"
"Jackson, Ketanji Brown",1970,"Washington, DC",,
"Stone, Harlan Fiske","October 11, 1872","Chesterfield, NH","April 22, 1946","Washington, DC"
"Van Devanter, Willis","April 17, 1859","Marion, IN","February 8, 1941","Washington, DC"
"Chase, Samuel","April 17, 1741","Somerset County, MD","June 19, 1811","Baltimore, MD"
"Byrnes, James Francis","May 2, 1882","Charleston, SC","April 9, 1972","Columbia, SC"
"Blatchford, Samuel M.","March 9, 1820","New York, NY","July 7, 1893","Newport, RI"
"Sutherland, George","March 25, 1862","Buckinghamshire, England","July 18, 1942","Stockbridge, MA"
"Barrett, Amy Coney",1972,"New Orleans, LA",,
"Waite, Morrison Remick","November 29, 1816","Lyme, CT","March 23, 1888","Washington, DC"
"Rutledge, John","September 18, 1739","Charleston, SC","June 21, 1800","Charleston, SC"
"Whittaker, Charles Evans",,,"November 26, 1973","Kansas City, MO"
"Burger, Warren Earl","September 17, 1907","St. Paul, MN","June 25, 1995","Alexandria, VA"
"Powell, Lewis Franklin, Jr.","September 19, 1907","Suffolk, VA","August 25, 1998","Richmond, VA"
"Woods, William Burnham","August 3, 1824","Newark, OH","May 14, 1887","Washington, DC"
"McKinley, John","May 1, 1780","Culpeper County, VA","July 19, 1852","Louisville, KY"
"McKenna, Joseph","August 10, 1843","Philadelphia, PA","November 21, 1926","Washington, DC"
"Scalia, Antonin","March 11, 1936","Trenton, NJ","February 13, 2016","Shafter, TX"
"Minton, Sherman","October 20, 1890","Georgetown, IN","April 9, 1965","New Albany, IN"
"Reed, Stanley Forman","December 31, 1884","Minerva, KY","April 2, 1980","Huntington, NY"
"Lamar, Lucius Quintus Cincinnatus","September 17, 1825","Eatonton, GA","January 23, 1893","Macon, GA"
"McLean, John","March 11, 1785","Morris County, NJ","April 4, 1861","Cincinnati, OH"
"Jackson, Howell Edmunds","April 8, 1832","Paris, TN","August 8, 1895","West Meade, TN"
"Marshall, Thurgood","July 2, 1908","Baltimore, MD","January 24, 1993","Washington, DC"
"Bradley, Joseph P.","March 14, 1813","Berne, NY","January 22, 1892","Washington, DC"
"Miller, Samuel Freeman","April 5, 1816","Richmond, KY","October 13, 1890","Washington, DC"
"Roberts, John Glover, Jr.",1955,"Buffalo, NY",,
"Shiras, George, Jr.","January 26, 1832","Pittsburgh, PA","August 2, 1924","Pittsburgh, PA"
"Strong, William","May 6, 1808","Somers, CT","August 19, 1895","Lake Minnewassa, NY"
"Kagan, Elena",1960,"New York, NY",,
"Harlan, John Marshall","June 1, 1833","Boyle County, KY","October 14, 1911","Washington, DC"
"Taney, Roger Brooke","March 17, 1777","Calvert County, MD","October 12, 1864","Washington, DC"
"Rutledge, Wiley Blount","July 20, 1894","Cloverport, KY","September 10, 1949","York, ME"
"Daniel, Peter Vivian","April 24, 1784","Stafford County, VA","May 31, 1860","Richmond, VA"
"Cushing, William","March 1, 1732","Scituate, MA","September 13, 1810","Scituate, MA"
"Lamar, Joseph Rucker","October 14, 1857","Cedar Grove, GA","January 2, 1916","Washington, DC"
"Stevens, John Paul","April 20, 1920","Chicago, IL","July 16, 2019","Fort Lauderdale, FL"
"Kennedy, Anthony McLeod",1936,"Sacramento, CA",,
"Catron, John",1786,PA,"May 30, 1865","Nashville, TN"
"Trimble, Robert","November 17, 1776","Augusta County, VA","August 25, 1828","Paris, KY"
"Barbour, Philip Pendleton","May 25, 1783","Orange County, VA","February 25, 1841","Washington, DC"
"Washington, Bushrod","June 5, 1762","Westmoreland County, VA","November 26, 1829","Philadelphia, PA"
"Lurton, Horace Harmon","February 26, 1844","Newport, KY","July 12, 1914","Atlantic City, NJ"
"Jay, John","December 12, 1745","New York, NY","May 17, 1829","Bedford, NY"
"Day, William Rufus","April 17, 1849","Ravenna, OH","July 9, 1923","Mackinac Island, MI"
"Goldberg, Arthur Joseph","August 8, 1908","Chicago, IL","January 19, 1990","Washington, DC"
"Clifford, Nathan","August 18, 1803","Rumney, NH","July 25, 1881","Cornish, ME"
"Stewart, Potter","January 23, 1915","Jackson, MI","December 7, 1985","Hanover, NH"
"Gray, Horace","March 24, 1828","Boston, MA","September 15, 1902","Nahant, MA"
"White, Edward Douglass","November 3, 1845","Lafourche Parish, LA","May 19, 1921","Washington, DC"
"Butler, Pierce","March 17, 1866","Dakota County, MN","November 16, 1939","Washington, DC"
"Blackmun, Harry Andrew","November 12, 1908","Nashville, IL","March 4, 1999","Arlington, VA"
"Story, Joseph","September 18, 1779","Marblehead, MA","September 10, 1845","Cambridge, MA"
"Johnson, William, Jr.","December 27, 1771","St. James Goose Creek, SC","August 4, 1834","Brooklyn, NY"
"Gorsuch, Neil M.",1967,"Denver, CO",,
"Sanford, Edward Terry","July 23, 1865","Knoxville, TN","March 8, 1930","Washington, DC"
"Thomas, Clarence",1948,"Savannah, GA",,
"Iredell, James","October 5, 1751","Lewes, England","October 20, 1799","Edenton, NC"
"O'Connor, Sandra Day","March 26, 1930","El Paso, TX","December 1, 2023","Phoenix, AZ"
"Wilson, James","September 14, 1742","Carskerdo, Scotland","August 21, 1798","Edenton, NC"
"Curtis, Benjamin Robbins","November 4, 1809","Watertown, MA","September 15, 1874","Newport, RI"
"Fuller, Melville Weston","February 11, 1833","Augusta, ME","July 4, 1910","Sorrento, ME"
"Black, Hugo Lafayette","February 27, 1886","Clay County, AL","September 25, 1971","Bethesda, MD"
"Swayne, Noah Haynes","December 7, 1804","Frederick County, VA","June 8, 1884","New York, NY"
"Hunt, Ward","June 14, 1810","Utica, NY","March 24, 1886","Washington, DC"
"Matthews, Stanley","July 21, 1824","Cincinnati, OH","March 22, 1889","Washington, DC"
"Douglas, William Orville","October 16, 1898","Maine, MN","January 19, 1980","Bethesda, MD"
"Paterson, William","December 24, 1745","County Antrim, Ireland","September 9, 1806","Albany, NY"
"Todd, Thomas","January 23, 1765","King and Queen County, VA","February 7, 1826","Frankfort, KY"
"Alito, Samuel A., Jr.",1950,"Trenton, NJ",,
"Souter, David Hackett","September 17, 1939","Melrose, MA","May 8, 2025","Concord, NH"
"Brewer, David Josiah","June 20, 1837","Smyrna , Asia Minor","March 28, 1910","Washington, DC"
"Breyer, Stephen Gerald",1938,"San Francisco, CA",,
"Thompson, Smith","January 17, 1768","Amenia, NY","December 18, 1843","Poughkeepsie, NY"
"Brennan, William Joseph, Jr.","April 25, 1906","Newark, NJ","July 24, 1997","Arlington, VA"
"Field, Stephen Johnson","November 4, 1816","Haddam, CT","April 9, 1899","Washington, DC"
"Jackson, Robert Houghwout","February 13, 1892","Spring Creek, PA","October 9, 1954","Washington, DC"
"McReynolds, James Clark","February 3, 1862","Elkton, KY","August 24, 1946","Washington, DC"
"Wayne, James Moore",1790,"Savannah, GA","July 5, 1867","Washington, DC"
"Chase, Salmon Portland","January 13, 1808","Cornish, NH","May 7, 1873","New York, NY"
"Clark, Tom C.","September 23, 1899","Dallas, TX","June 13, 1977","New York, NY"
"Johnson, Thomas","November 4, 1732","Calvert County, MD","October 26, 1819","Frederick, MD"
"Marshall, John","September 24, 1755","Prince William County, VA","July 6, 1835","Philadelphia, PA"
"Burton, Harold Hitz","June 22, 1888","Jamaica Plain, MA","October 28, 1964","Washington, DC"
"Grier, Robert Cooper","March 5, 1794","Cumberland County, PA","September 25, 1870","Philadelphia, PA"
"Sotomayor, Sonia",1954,"Bronx, NY",,
"Murphy, Frank","April 13, 1890","Sand Beach, MI","July 19, 1949","Detroit, MI"
"Moody, William Henry","December 23, 1853","Newbury, MA","July 2, 1917","Haverhill, MA"
"Fortas, Abe","June 19, 1910","Memphis, TN","April 5, 1982","Washington, DC"
"Roberts, Owen Josephus","May 2, 1875","Philadelphia, PA","May 17, 1955","West Vincent Township, PA"
"Moore, Alfred","May 21, 1755","New Hanover County, NC","October 15, 1810","Bladen County, NC"
"Cardozo, Benjamin Nathan","May 24, 1870","New York, NY","July 9, 1938","Port Chester, Long Island, NY"
"Pitney, Mahlon","February 5, 1858","Morristown, NJ","December 9, 1924","Washington, DC"
"Kavanaugh, Brett M.",1965,"Washington, DC",,
"Frankfurter, Felix","November 15, 1882","Vienna, Austria-Hungary","February 22, 1965","Washington, DC"
"White, Byron Raymond","June 8, 1917","Fort Collins, CO","April 15, 2002","Denver, CO"
"Holmes, Oliver Wendell, Jr.","March 8, 1841","Boston, MA","March 6, 1935","Washington, DC"
"Ginsburg, Ruth Bader","March 15, 1933","Brooklyn, NY","September 18, 2020","Washington, DC"
"Vinson, Frederick Moore","January 22, 1890","Louisa, KY","September 8, 1953","Washington, DC"
"Rehnquist, William Hubbs","October 1, 1924","Milwaukee, WI","September 3, 2005","Arlington, VA"
"Clarke, John Hessin","September 18, 1857","New Lisbon, OH","March 22, 1945","San Diego, CA"
"Brandeis, Louis Dembitz","November 13, 1856","Louisville, KY","October 5, 1941","Washington, DC"
"Nelson, Samuel","November 10, 1792","Hebron, NY","December 13, 1873","Cooperstown, NY"
"Duvall, Gabriel","December 6, 1752","Prince George`s County, MD","March 6, 1844","Prince George`s County, MD"
"Livingston, Henry Brockholst","November 25, 1757","New York, NY","March 18, 1823","Washington, DC"
"Davis, David","March 9, 1815","Cecil County, MD","June 26, 1886","Bloomington, IL"
"Baldwin, Henry","January 14, 1780","New Haven, CT","April 21, 1844","Philadelphia, PA"
