Name,Education 1,Year 1,Education 2,Year 2,Education 3,Year 3,Education 4,Year 4,Education 5,Year 5
"Alito, Samuel A., Jr.","Princeton University, A.B.",1972,"Yale Law School, J.D.",1975,,,,,,
"Baldwin, Henry","Yale College, B.A.",1797,Read law,1798,,,,,,
"Barbour, Philip Pendleton",Read law,1800,,,,,,,,
"Barrett, Amy Coney","Rhodes College, B.A.",1994,"Notre Dame Law School, J.D.",1997,,,,,,
"Black, Hugo Lafayette","University of Alabama School of Law, LL.B.",1906,,,,,,,,
"Blackmun, Harry Andrew","Harvard College, A.B.",1929,"Harvard Law School, LL.B.",1932,,,,,,
"Blair, John, Jr.","College of William and Mary, A.B.",1754,"Middle Temple, London, England",1756,,,,,,
"Blatchford, Samuel M.","Columbia College, B.A.",1837,Read law,1843,,,,,,
"Bradley, Joseph P.","Rutgers College, B.A.",1836,Read law,1839,,,,,,
"Brandeis, Louis Dembitz","Harvard Law School, LL.B.",1877,,,,,,,,
"Brennan, William Joseph, Jr.","University of Pennsylvania, B.S.",1928,"Harvard Law School, LL.B.",1931,,,,,,
"Brewer, David Josiah",Albany Law School,,"Yale College, A.B.",1856,Read law,1857,,,,
"Breyer, Stephen Gerald","Stanford University, A.B.",1959,"University of Oxford, B.A.",1961,"Harvard Law School, LL.B.",1964,,,,
"Brown, Henry Billings",Yale Law School,,Harvard Law School,,"Yale College, B.A.",1856,Read law,1860,,
"Burger, Warren Earl","St. Paul College of Law (now Mitchell Hamline School of Law), LL.B.",1931,,,,,,,,
"Burton, Harold Hitz","Bowdoin College, A.B.",1909,"Harvard Law School, LL.B.",1912,,,,,,
"Butler, Pierce","Carleton College, B.S.",1887,Read law,1888,,,,,,
"Byrnes, James Francis",Read law,1903,,,,,,,,
"Campbell, John Archibald",Franklin College (now University of Georgia),1825,Read law,1829,,,,,,
"Cardozo, Benjamin Nathan","Columbia College, A.B.",1889,"Columbia Law School, A.M.",1890,,,,,,
"Catron, John",Read law,1815,,,,,,,,
"Chase, Salmon Portland","Dartmouth College, B.A.",1826,Read law,1829,,,,,,
"Chase, Samuel",Read law,1763,,,,,,,,
"Clark, Tom C.","University of Texas, A.B.",1921,"University of Texas School of Law, LL.B.",1922,,,,,,
"Clarke, John Hessin","Western Reserve College (now Case Western Reserve University), A.B.",1877,Read law,1878,,,,,,
"Clifford, Nathan",Read law,1827,,,,,,,,
"Curtis, Benjamin Robbins",Harvard Law School,,"Harvard University, A.B.",1829,,,,,,
"Cushing, William","Harvard College, A.B.",1751,Read law,1755,,,,,,
"Daniel, Peter Vivian",Princeton University,,Read law,1808,,,,,,
"Davis, David","Kenyon College, A.B.",1832,Read law,1834,New Haven Law School (now Yale Law School),,,,,
"Day, William Rufus",University of Michigan,,"University of Michigan, B.S.",1870,Read law,1871,,,,
"Douglas, William Orville","Whitman College, A.B.",1920,"Columbia Law School, LL.B.",1925,,,,,,
"Duvall, Gabriel",Read law,1778,,,,,,,,
"Ellsworth, Oliver","College of New Jersey (now Princeton University), B.A.",1766,Read law,1771,,,,,,
"Field, Stephen Johnson","Williams College, B.A.",1837,Read law,1841,,,,,,
"Fortas, Abe","Southwestern College (now Rhodes College), A.B.",1930,"Yale Law School, LL.B.",1933,,,,,,
"Frankfurter, Felix","City College of New York, B.A.",1902,"Harvard Law School, LL.B.",1906,,,,,,
"Fuller, Melville Weston",Read law,,"Bowdoin College, A.B.",1853,"Bowdoin College, A.M.",1856,,,,
"Ginsburg, Ruth Bader","Cornell University, A.B.",1954,Harvard Law School,,"Columbia Law School, LL.B.",1959,,,,
"Goldberg, Arthur Joseph","Northwestern University School of Law (now Pritzker School of Law), B.S.L.",1929,"Northwestern University School of Law (now Pritzker School of Law), J.D.",1930,,,,,,
"Gorsuch, Neil M.","Columbia University, B.A.",1988,"Harvard Law School, J.D.",1991,"University of Oxford, D.Phil.",2004,,,,
"Gray, Horace","Harvard College, B.A.",1845,"Harvard Law School, LL.B.",1849,Read law,1851,,,,
"Grier, Robert Cooper","Dickinson College, B.A.",1812,Read law,1817,,,,,,
"Harlan, John Marshall",Transylvania University Law Department,,"Centre College, B.A.",1850,Read law,1853,,,,
"Holmes, Oliver Wendell, Jr.","Harvard College, A.B.",1861,"Harvard Law School, LL.B.",1866,,,,,,
"Hughes, Charles Evans","Brown University, A.B.",1881,Read law,1882,"Columbia Law School, LL.B.",1884,,,,
"Hunt, Ward",Litchfield (Tapping Reeve) Law School,,"Union College, B.A.",1828,Read law,1831,,,,
"Iredell, James",Read law,1770,,,,,,,,
"Jackson, Howell Edmunds",University of Virginia,,"West Tennessee College (now Union University, Jackson, Tennessee), A.B.",1849,"Cumberland School of Law, LL.B.",1856,,,,
"Jackson, Ketanji Brown","Harvard University, B.A.",1992,"Harvard Law School, J.D.",1996,,,,,,
"Jackson, Robert Houghwout",Albany Law School,,Read law,1913,,,,,,
"Jay, John","King's College (now Columbia University), B.A.",1764,"King's College (now Columbia University), M.A.",1767,Read law,1768,,,,
"Johnson, Thomas",Read law,1760,,,,,,,,
"Johnson, William, Jr.","College of New Jersey (now Princeton University), A.B.",1790,Read law,1793,,,,,,
"Kagan, Elena","Princeton University, A.B.",1981,"University of Oxford, Worcester College, M.Phil.",1983,"Harvard Law School, J.D.",1986,,,,
"Kavanaugh, Brett M.","Yale College, B.A.",1987,"Yale Law School, J.D.",1990,,,,,,
"Kennedy, Anthony McLeod","Stanford University, B.A.",1958,"Harvard Law School, J.D.",1961,,,,,,
"Lamar, Joseph Rucker",Washington and Lee University School of Law,,"Bethany College, B.A.",1877,Read law,1878,,,,
"Lamar, Lucius Quintus Cincinnatus","Emory College, B.A.",1845,Read law,1847,,,,,,
"Livingston, Henry Brockholst","College of New Jersey (now Princeton University), B.A.",1774,Read law,1783,,,,,,
"Lurton, Horace Harmon","Douglas University, Chicago, Illinois",,"Cumberland School of Law, LL.B.",1867,,,,,,
"Marshall, John",College of William and Mary,1780,,,,,,,,
"Marshall, Thurgood","Lincoln University, Pennsylvania, A.B.",1930,"Howard University School of Law, LL.B.",1933,,,,,,
"Matthews, Stanley","Kenyon College, B.A.",1840,Read law,1842,,,,,,
"McKenna, Joseph",Read law,1865,St. Augustine's College,1865,,,,,,
"McKinley, John",Read law,1800,,,,,,,,
"McLean, John",Read law,1807,,,,,,,,
"McReynolds, James Clark","Vanderbilt University, B.S.",1882,University of Virginia School of Law,1884,,,,,,
"Miller, Samuel Freeman","Transylvania University, M.D.",1838,Read law,1847,,,,,,
"Minton, Sherman","Indiana University School of Law -- Bloomington (now Maurer School of Law), LL.B.",1915,"Yale Law School, LL.M.",1916,,,,,,
"Moody, William Henry",Harvard Law School,,"Harvard College, A.B.",1876,Read law,1878,,,,
"Moore, Alfred",Read law,1775,,,,,,,,
"Murphy, Frank","University of Michigan, A.B.",1912,"University of Michigan Law School, LL.B.",1914,,,,,,
"Nelson, Samuel",Middlebury College,1813,Read law,1817,,,,,,
"O'Connor, Sandra Day","Stanford University, A.B.",1950,"Stanford Law School, LL.B.",1952,,,,,,
"Paterson, William",College of New Jersey (now Princeton University),1763,"College of New Jersey (now Princeton University), M.A.",1766,Read law,1768,,,,
"Peckham, Rufus Wheeler",Read law,1859,,,,,,,,
"Pitney, Mahlon","College of New Jersey (now Princeton University), A.B.",1879,Read law,1882,,,,,,
"Powell, Lewis Franklin, Jr.","Washington and Lee University, B.S.",1929,"Washington and Lee University School of Law, LL.B.",1931,"Harvard Law School, LL.M.",1932,,,,
"Reed, Stanley Forman",Columbia Law School,,University of Virginia School of Law,,"Kentucky Wesleyan College, B.A.",1902,"Yale College, B.A.",1906,Read law,1910
"Rehnquist, William Hubbs","Stanford University, B.A.",1948,"Stanford University, M.A.",1948,"Harvard University, M.A.",1949,"Stanford Law School, LL.B.",1952,,
"Roberts, John Glover, Jr.","Harvard College, A.B.",1976,"Harvard Law School, J.D.",1979,,,,,,
"Roberts, Owen Josephus","University of Pennsylvania, A.B.",1895,"University of Pennsylvania Law School (now Carey Law School), LL.B.",1898,,,,,,
"Rutledge, John","Middle Temple, London, England",,Read law,1760,,,,,,
"Rutledge, Wiley Blount","University of Wisconsin, B.A.",1914,"University of Colorado Law School, LL.B.",1922,,,,,,
"Sanford, Edward Terry","University of Tennessee, B.A., Ph.B.",1883,"Harvard University, B.A.",1885,"Harvard University, M.A.",1889,"Harvard Law School, LL.B.",1889,,
"Scalia, Antonin","Georgetown College (now Georgetown University), B.A.",1957,"Harvard Law School, LL.B.",1960,,,,,,
"Shiras, George, Jr.",Yale Law School,,Yale College,1853,Read law,1855,,,,
"Sotomayor, Sonia","Princeton University, B.A.",1976,"Yale Law School, J.D.",1979,,,,,,
"Souter, David Hackett","Harvard College, B.A.",1961,"University of Oxford, Magdalen College, B.A.",1963,"University of Oxford, Magdalen College, M.A.",1963,"Harvard Law School, LL.B.",1966,,
"Stevens, John Paul","University of Chicago, B.A.",1941,"Northwestern University School of Law (now Pritzker School of Law), J.D.",1947,,,,,,
"Stewart, Potter","Yale University, B.A.",1937,"Yale Law School, LL.B.",1941,,,,,,
"Stone, Harlan Fiske","Amherst College, B.A.",1894,"Amherst College, M.A.",1897,"Columbia Law School, LL.B.",1898,,,,
"Story, Joseph",Harvard College,1798,Read law,1801,,,,,,
"Strong, William",Yale Law School,,"Yale College, B.A.",1828,"Yale College, M.A.",1831,Read law,1832,,
"Sutherland, George",University of Michigan Law School,,,,,,,,,
"Swayne, Noah Haynes",Read law,1823,,,,,,,,
"Taft, William Howard","Yale College, B.A.",1878,"Cincinnati Law School (now University of Cincinnati College of Law), LL.B.",1880,,,,,,
"Taney, Roger Brooke",Dickinson College,1795,Read law,1799,,,,,,
"Thomas, Clarence","College of the Holy Cross, B.A.",1971,"Yale Law School, J.D.",1974,,,,,,
"Thompson, Smith",College of New Jersey (now Princeton University),1788,Read law,1792,,,,,,
"Todd, Thomas",Liberty Hall Academy (now Washington and Lee University),1783,Read law,1786,,,,,,
"Trimble, Robert",Read law,1803,,,,,,,,
"Van Devanter, Willis","Cincinnati Law School (now University of Cincinnati College of Law), LL.B.",1881,,,,,,,,
"Vinson, Frederick Moore","Centre College, B.A.",1909,"College of Law of Central University, LL.B.",1911,,,,,,
"Waite, Morrison Remick",Yale College,1837,Read law,1839,,,,,,
"Warren, Earl","University of California, Berkeley, B.A.",1912,"University of California, Berkeley, School of Jurisprudence, J.D.",1914,,,,,,
"Washington, Bushrod","College of William and Mary, A.B.",1778,Read law,1784,,,,,,
"Wayne, James Moore",College of New Jersey (now Princeton University),1808,Read law,1810,,,,,,
"White, Byron Raymond","University of Oxford, Rhodes Scholar",,"University of Colorado, B.A.",1938,"Yale Law School, LL.B.",1946,,,,
"White, Edward Douglass",Georgetown College (now Georgetown University),,Read law,1868,,,,,,
"Whittaker, Charles Evans","Kansas City School of Law (now University of Missouri-Kansas City School of Law), LL.B.",1924,,,,,,,,
"Wilson, James",University of Glasgow,,University of Edinburgh,,University of St. Andrews,,Read law,1767,,
"Woodbury, Levi",Litchfield (Tapping Reeve) Law School,,Dartmouth College,1809,Read law,1812,,,,
"Woods, William Burnham","Yale College, A.B.",1845,Read law,1847,,,,,,
